time, BMR, L1, LL 
1.557326, 0.025, 53.125, 50.855 
1.727812, 12.331, 50.042, 8.333 
