time, BMR, L1, LL 
1.2387165000000002, 20.728000000000005, 0.0, 0.0 
1.3038056, 1.5630000000000002, 0.0, 0.0 
