time, BMR, L1, LL 
3.0454798999999992, 2.8189999999999995, 77.831, 49.904 
2.7648673, 2.7420000000000004, 35.702999999999996, 10.373999999999999 
